Positive,Apple announced plans to achieve carbon neutrality by 2030.
Positive,New solar panel technology could revolutionize renewable energy.
Negative,Tech giants need to prioritize e-waste reduction.
Negative,Google's AI ethics committee faces criticism over lack of transparency.
Positive,Tesla's electric vehicles are driving the shift towards sustainable transportation.
Negative,Amazon's data centers consume enormous amounts of energy.
Positive,Facebook's commitment to renewable energy is commendable.
Positive,Smart home devices contribute to energy efficiency.
Positive,Blockchain can enhance transparency in supply chains.
Negative,The environmental impact of cryptocurrency mining is concerning.
Positive,Microsoft aims to use AI for sustainable agriculture.
Positive,5G technology could support more efficient energy usage.
Negative,Concerns rise over the environmental impact of fast fashion e-commerce.
Positive,IBM is investing in quantum computing for climate research.
Positive,Renewable energy startups are gaining traction in the tech industry.
Negative,Apple faces accusations of planned obsolescence.
Negative,Climate change poses risks to tech infrastructure.
Positive,Google is committed to reducing its carbon footprint.
Positive,The circular economy is gaining momentum in tech manufacturing.
Positive,Artificial intelligence can help optimize energy consumption.
Negative,Data centers are a significant contributor to global energy consumption.
Positive,Facebook's renewable energy initiatives are a step in the right direction.
Negative,E-waste recycling rates need to improve.
Negative,Tech companies must address the ethical implications of facial recognition technology.
Positive,Sustainable practices are becoming a key differentiator in tech competition.
Positive,Green computing initiatives are essential for a sustainable future.
Neutral,The impact of IoT on sustainability is still being debated.
Positive,Companies need to invest in green data centers.
Positive,Climate tech startups are attracting investment.
Negative,The environmental impact of smartphone production is substantial.
Positive,AI-powered energy management systems can optimize resource usage.
Positive,Electric vehicles are becoming more affordable.
Positive,Apple's commitment to reducing carbon emissions sets a precedent.
Negative,The tech industry needs to do more to address diversity and inclusion.
Positive,Renewable energy policies can drive innovation in the tech sector.
Negative,Concerns over data privacy continue to affect public trust in tech companies.
Positive,Blockchain technology offers transparency in supply chain management.
Positive,Cloud computing can reduce hardware waste.
Positive,Solar-powered gadgets are gaining popularity.
Positive,Tech startups are focusing on sustainability from inception.
Positive,Data security and sustainability are top priorities for IT leaders.
Negative,The environmental impact of streaming services needs evaluation.
Positive,Renewable energy investments are on the rise.
Positive,Google's commitment to zero waste initiatives is inspiring.
Positive,AI algorithms can optimize renewable energy distribution.
Positive,Virtual reality can be used for eco-friendly tourism experiences.
Negative,Companies are under pressure to disclose their carbon footprint.
Negative,Amazon faces criticism over excessive packaging.
Positive,Sustainable fintech solutions are reshaping the banking industry.
Positive,Data centers powered by renewable energy are the future.
Positive,Ethical considerations in AI development are crucial.
Neutral,Renewable energy policies vary across tech hubs.
Positive,Apple's supply chain transparency efforts are commendable.
Positive,Smart cities leverage technology for sustainable urban development.
Positive,Tech innovations are essential for combating climate change.
Negative,The carbon footprint of cloud computing is a concern.
Positive,The future of transportation lies in electric and autonomous vehicles.
Positive,Tech companies collaborate on open-source sustainability projects.
Positive,AI can assist in wildlife conservation efforts.
Negative,Data privacy regulations impact tech companies globally.
Positive,Carbon offsetting initiatives are gaining traction in tech.
Positive,Blockchain can enhance traceability in food supply chains.
Negative,Companies face pressure to disclose environmental impact data.
Neutral,The ethical use of AI in healthcare is a topic of debate.
Positive,Smart thermostats contribute to energy efficiency in homes.
Neutral,Renewable energy adoption varies by region.
Negative,Concerns over electronic waste management persist.
Positive,Tech giants should prioritize renewable energy investments.
Positive,Smart grid technology optimizes energy distribution.
Negative,The tech sector must address the environmental impact of hardware production.
Positive,AI-driven precision agriculture can improve resource efficiency.
Positive,Companies should integrate sustainability into product design.
Negative,Consumer electronics companies are urged to reduce plastic packaging.
Positive,Sustainable tech solutions are gaining traction in emerging markets.
Positive,Renewable energy storage solutions are key to grid stability.
Positive,Green IT practices are essential for reducing carbon emissions.
Negative,Tech companies are under scrutiny for labor practices in supply chains.
Positive,Data centers powered by renewable energy sources are more sustainable.
Positive,AI can be leveraged to monitor and manage water resources.
Negative,The carbon footprint of cloud gaming platforms is a concern.
Positive,Companies invest in green bonds to fund sustainable initiatives.
Positive,The role of AI in climate modeling is expanding.
Negative,Smartphone manufacturers face challenges in sourcing ethical materials.
Positive,Blockchain technology improves transparency in carbon credit markets.
Positive,Renewable energy certificates help companies meet sustainability goals.
Positive,Tech innovations support wildlife conservation efforts.
Positive,Electric vehicle charging infrastructure needs expansion.
Positive,AI-driven predictive maintenance reduces energy consumption.
Negative,The tech industry must address the environmental impact of data centers.
Positive,Solar-powered gadgets reduce reliance on traditional energy sources.
Negative,Concerns over data security hinder adoption of IoT devices.
Positive,Tech companies collaborate on open-source sustainability initiatives.
Positive,AI algorithms optimize energy efficiency in manufacturing.
Positive,Blockchain enhances transparency in renewable energy transactions.
Positive,Renewable energy startups attract venture capital investments.
Negative,The carbon footprint of cryptocurrency mining is a concern.
Positive,Companies need to prioritize sustainable supply chain management.
Positive,AI-driven traffic management systems reduce emissions.
Positive,Tech companies commit to using recycled materials in product packaging.
Positive,The adoption of electric vehicles is accelerating.
Positive,Data centers should invest in renewable energy sources.
Positive,Blockchain technology can revolutionize carbon trading.
Positive,Smart home devices improve energy efficiency.
Positive,AI-powered drones aid in environmental monitoring.
Negative,Concerns over e-waste recycling persist.
Positive,Solar energy solutions are becoming more accessible.
Negative,Companies face pressure to disclose their carbon footprint.
Positive,AI enhances precision farming techniques.
Negative,The tech industry should focus on reducing electronic waste.
Positive,Renewable energy initiatives create jobs in tech.
Positive,Google's commitment to sustainability influences industry trends.
Negative,The ethical implications of facial recognition technology are significant.
Positive,Solar-powered chargers reduce reliance on traditional power sources.
Positive,Blockchain technology improves transparency in supply chain management.
Positive,Tech companies invest in renewable energy projects.
Negative,Data security is a major concern for IoT adoption.
Positive,The tech industry is moving towards zero-waste practices.
Positive,AI can optimize energy consumption in smart cities.
Positive,Renewable energy without causing carbon emmission.
Positive,Eectricity production without causing pollution.
Neutral,The impact of IoT on sustainability is still being debated.
Neutral,Renewable energy policies vary across tech hubs.
Neutral,The ethical use of AI in healthcare is a topic of debate.
Neutral,Renewable energy adoption varies by region.
Neutral,Tech innovations are reshaping the future of agriculture.
Neutral,AI-driven solutions are transforming supply chain management.
Neutral,The role of blockchain in healthcare is still evolving.
Neutral,Consumer preferences for eco-friendly products are growing.
Neutral,The debate over carbon pricing continues.
Neutral,Advancements in renewable energy technology are promising.
Neutral,Government regulations play a key role in sustainable tech adoption.
Neutral,Public opinion on green tech is divided.
Neutral,Data privacy laws impact tech companies globally.
Neutral,Challenges in sustainable packaging remain.
Neutral,Smart city initiatives face infrastructure challenges.
Neutral,Energy efficiency standards are under review.
Neutral,The influence of tech on climate policies is significant.
Neutral,Efforts to reduce electronic waste are gaining momentum.
Neutral,Ethical considerations in AI development are complex.
Neutral,Renewable energy incentives vary by country.
Neutral,Smart grid technology is advancing slowly.
Neutral,Tech companies explore alternatives to rare earth metals.
Neutral,Public awareness of e-waste issues is increasing.
Neutral,The debate on AI ethics continues.
Neutral,Carbon offsetting schemes are under scrutiny.
Neutral,Smart home technologies require consumer education.
Neutral,The impact of 5G on sustainability is debated.
Neutral,Environmental concerns shape tech investment strategies.
Neutral,Data privacy concerns affect cloud adoption.
Neutral,Blockchain's impact on financial systems is uncertain.
Neutral,The role of tech in wildlife conservation is expanding.
Neutral,Energy-efficient appliances are gaining popularity.
Neutral,Corporate sustainability initiatives face skepticism.
Neutral,Public-private partnerships drive green tech initiatives.
Neutral,AI's role in combating climate change is evolving.
Neutral,Green tech startups face funding challenges.
Neutral,The intersection of tech and environmental policy is complex.
Neutral,Concerns over tech's carbon footprint are widespread.
Neutral,Sustainable agriculture practices vary by region.
Neutral,Technological advancements in water purification are promising.
Neutral,Public perception of green tech is influenced by media coverage.
Neutral,The environmental impact of cloud storage is debated.
Neutral,Tech companies invest in wildlife conservation efforts.
Neutral,Challenges in renewable energy storage persist.
Neutral,Public trust in AI governance is crucial.
Neutral,Ethical sourcing of minerals is a priority for tech companies.
Neutral,Electric vehicle infrastructure needs government support.
Neutral,The evolution of green transportation technology is rapid.
Neutral,Debates on data privacy shape AI development.
Neutral,Tech innovations in waste management show promise.
Neutral,AI's impact on job displacement is a topic of discussion.
Neutral,Blockchain's potential in healthcare data management is explored.
Neutral,Public opinion on tech regulation is divided.
Neutral,Sustainable building practices are gaining traction.
Neutral,Renewable energy projects face funding challenges.
Neutral,The future of AI in climate modeling is promising.
Neutral,Challenges in wind energy production persist.
Neutral,Public-private partnerships drive sustainable infrastructure projects.
Neutral,Debates over the ethical use of facial recognition technology continue.
Neutral,Tech's role in disaster response and recovery is evolving.
Neutral,Sustainable fashion initiatives focus on consumer education.
Neutral,Tech companies collaborate on open-source sustainability projects.
